{
  "PP7": {
    "modelScale": 0.0007,
    "modelOffset": [
      0.1,
      -0.08,
      -0.04
    ],
    "pivotOffset": [
      0,
      0,
      -0.16
    ],
    "muzzleOffset": [
      0.05,
      0.05,
      -0.3
    ],
    "modelRotation": [
      0.03490658503988659,
      3.141592653589793,
      0
    ],
    "zoomFOV": 75
  },
  "DD44 Dostovei": {
    "modelScale": 0.0007,
    "modelOffset": [
      0.11000000000000001,
      -0.09000000000000001,
      -0.09
    ],
    "pivotOffset": [
      0,
      0,
      -0.2600000000000001
    ],
    "muzzleOffset": [
      0.05,
      0.05,
      -0.3
    ],
    "modelRotation": [
      0.017453292519943295,
      3.106686068549907,
      0
    ],
    "zoomFOV": 75
  },
  "Cougar Magnum": {
    "modelScale": 0.0007,
    "modelOffset": [
      0.11,
      -0.11,
      -0.0500000000000001
    ],
    "pivotOffset": [
      0,
      0,
      -0.26
    ],
    "muzzleOffset": [
      0.05,
      0.05,
      -0.3
    ],
    "modelRotation": [
      0.017453292519943295,
      3.141592653589793,
      0
    ],
    "zoomFOV": 75
  },
  "Golden Gun": {
    "modelScale": 0.0007,
    "modelOffset": [
      0.1,
      -0.1,
      -0.03999999999999998
    ],
    "pivotOffset": [
      0,
      0,
      -0.2600000000000001
    ],
    "muzzleOffset": [
      0.05,
      0.05,
      -0.3
    ],
    "modelRotation": [
      0.05235987755982989,
      3.141592653589793,
      0
    ],
    "zoomFOV": 75
  },
  "Gold PP7": {
    "modelScale": 0.0007,
    "modelOffset": [
      0.1,
      -0.1,
      -0.12
    ],
    "pivotOffset": [
      0,
      0,
      -0.11000000000000004
    ],
    "muzzleOffset": [
      0.05,
      0.05,
      -0.3
    ],
    "modelRotation": [
      0.03490658503988659,
      3.141592653589793,
      0
    ],
    "zoomFOV": 75
  },
  "Silver PP7": {
    "modelScale": 0.0007,
    "modelOffset": [
      0.1,
      -0.1,
      -0.12
    ],
    "pivotOffset": [
      0,
      0,
      -0.10000000000000003
    ],
    "muzzleOffset": [
      0.05,
      0.05,
      -0.3
    ],
    "modelRotation": [
      0.03490658503988659,
      3.159045946109736,
      0
    ],
    "zoomFOV": 75
  },
  "PP7 (Silenced)": {
    "modelScale": 0.0007,
    "modelOffset": [
      0.1,
      -0.1,
      -0.07
    ],
    "pivotOffset": [
      0,
      0,
      -0.16000000000000003
    ],
    "muzzleOffset": [
      0.05,
      0.05,
      -0.3
    ],
    "modelRotation": [
      0,
      3.141592653589793,
      0
    ],
    "zoomFOV": 75
  },
  "Klobb": {
    "modelScale": 0.0007,
    "modelOffset": [
      0.1,
      -0.1,
      -0.06
    ],
    "pivotOffset": [
      0,
      0,
      -0.12000000000000001
    ],
    "muzzleOffset": [
      0.05,
      0.05,
      -0.3
    ],
    "modelRotation": [
      0,
      3.141592653589793,
      0
    ],
    "zoomFOV": 75
  },
  "D5K Deutsche": {
    "modelScale": 0.0007,
    "modelOffset": [
      0.12,
      -0.14,
      -0.1
    ],
    "pivotOffset": [
      0,
      0,
      -0.06
    ],
    "muzzleOffset": [
      0.05,
      0.05,
      -0.3
    ],
    "modelRotation": [
      0,
      3.159045946109736,
      0
    ],
    "zoomFOV": 75
  },
  "D5K (Silenced)": {
    "modelScale": 0.0007,
    "modelOffset": [
      0.11,
      -0.14,
      -0.1
    ],
    "pivotOffset": [
      0,
      0,
      -0.06
    ],
    "muzzleOffset": [
      0.05,
      0.05,
      -0.3
    ],
    "modelRotation": [
      0,
      3.141592653589793,
      0
    ],
    "zoomFOV": 75
  },
  "Phantom": {
    "modelScale": 0.0007,
    "modelOffset": [
      0.11,
      -0.13,
      -0.08999999999999997
    ],
    "pivotOffset": [
      0,
      0,
      -0.36000000000000026
    ],
    "muzzleOffset": [
      0.05,
      0.05,
      -0.3
    ],
    "modelRotation": [
      0,
      3.141592653589793,
      0
    ],
    "zoomFOV": 75
  },
  "ZMG 9mm": {
    "modelScale": 0.0007,
    "modelOffset": [
      0.1,
      -0.1,
      -0.08
    ],
    "pivotOffset": [
      0,
      0,
      -0.11
    ],
    "muzzleOffset": [
      0.05,
      0.05,
      -0.3
    ],
    "modelRotation": [
      0,
      3.141592653589793,
      0
    ],
    "zoomFOV": 75
  },
  "RC-P90": {
    "modelScale": 0.0007,
    "modelOffset": [
      0.09,
      -0.12,
      0
    ],
    "pivotOffset": [
      0,
      0,
      0.07
    ],
    "muzzleOffset": [
      0.05,
      0.05,
      -0.3
    ],
    "modelRotation": [
      0,
      3.141592653589793,
      0
    ],
    "zoomFOV": 75
  },
  "AR33": {
    "modelScale": 0.0007,
    "modelOffset": [
      0.11,
      -0.13,
      -0.03
    ],
    "pivotOffset": [
      0,
      0,
      -0.12999999999999998
    ],
    "muzzleOffset": [
      0.05,
      0.05,
      -0.3
    ],
    "modelRotation": [
      -0.017453292519943302,
      3.106686068549907,
      0
    ],
    "zoomFOV": 50
  },
  "KF7 Soviet": {
    "modelScale": 0.0007,
    "modelOffset": [
      0.12,
      -0.14,
      -0.05
    ],
    "pivotOffset": [
      0,
      0,
      -0.09999999999999998
    ],
    "muzzleOffset": [
      0.05,
      0.05,
      -0.3
    ],
    "modelRotation": [
      -0.06981317007977318,
      3.0194196059501914,
      0
    ],
    "zoomFOV": 75
  },
  "Shotgun": {
    "modelScale": 0.0007,
    "modelOffset": [
      0.11,
      -0.1,
      -0.1
    ],
    "pivotOffset": [
      0,
      0,
      -0.06
    ],
    "muzzleOffset": [
      0.05,
      0.05,
      -0.3
    ],
    "modelRotation": [
      0,
      3.141592653589793,
      0
    ],
    "zoomFOV": 75
  },
  "Auto Shotgun": {
    "modelScale": 0.0007,
    "modelOffset": [
      0.11,
      -0.15000000000000002,
      -0.1
    ],
    "pivotOffset": [
      0,
      0,
      -0.06
    ],
    "muzzleOffset": [
      0.05,
      0.05,
      -0.3
    ],
    "modelRotation": [
      0,
      3.141592653589793,
      0
    ],
    "zoomFOV": 75
  },
  "Sniper Rifle": {
    "modelScale": 0.0007,
    "modelOffset": [
      0.12,
      -0.14,
      -0.17000000000000004
    ],
    "pivotOffset": [
      0,
      0,
      -0.06
    ],
    "muzzleOffset": [
      0.05,
      0.05,
      -0.3
    ],
    "modelRotation": [
      -0.017453292519943316,
      3.141592653589793,
      0
    ],
    "zoomFOV": 25
  },
  "Moonraker Laser": {
    "modelScale": 0.0007,
    "modelOffset": [
      0.07000000000000002,
      -0.09000000000000001,
      -0.1
    ],
    "pivotOffset": [
      0,
      0,
      -0.2600000000000001
    ],
    "muzzleOffset": [
      0.05,
      0.05,
      -0.3
    ],
    "modelRotation": [
      0.0349065850398866,
      3.2114058236695655,
      0
    ],
    "zoomFOV": 75
  }
}